fold,avg_acc
4,98.09691619873047
5,99.65042877197266
6,99.85044860839844
