fold,avg_acc
4,98.87102508544922
5,99.47151947021484
6,99.46968078613281
